year,geography,province,signal,value,unit,reference_period,publication_date,available_date,source_name,source_url,notes,retrieved_date,availability_verified,availability_notes
2017,Ontario,Ontario,ontario_guideline,1.5,percent,2017-01/2017-12,,,Gouvernement de l’Ontario,https://www.ontario.ca/page/residential-rent-increases,Table Previous rent increase guidelines vérifiée ; ne s’applique pas au turnover ; certains logements occupés pour la première fois après le 15 novembre 2018 sont exemptés ; applicabilité exacte à The Met à confirmer. Date d’annonce individuelle inconnue ; ,2026-10-03,False,Disponibilité historique de cette valeur/version non qualifiée ; exclue des backtests.
2018,Ontario,Ontario,ontario_guideline,1.8,percent,2018-01/2018-12,,,Gouvernement de l’Ontario,https://www.ontario.ca/page/residential-rent-increases,Table Previous rent increase guidelines vérifiée ; ne s’applique pas au turnover ; certains logements occupés pour la première fois après le 15 novembre 2018 sont exemptés ; applicabilité exacte à The Met à confirmer. Date d’annonce individuelle inconnue ; ,2026-10-03,False,Disponibilité historique de cette valeur/version non qualifiée ; exclue des backtests.
2019,Ontario,Ontario,ontario_guideline,1.8,percent,2019-01/2019-12,,,Gouvernement de l’Ontario,https://www.ontario.ca/page/residential-rent-increases,Table Previous rent increase guidelines vérifiée ; ne s’applique pas au turnover ; certains logements occupés pour la première fois après le 15 novembre 2018 sont exemptés ; applicabilité exacte à The Met à confirmer. Date d’annonce individuelle inconnue ; ,2026-10-03,False,Disponibilité historique de cette valeur/version non qualifiée ; exclue des backtests.
2020,Ontario,Ontario,ontario_guideline,2.2,percent,2020-01/2020-12,,,Gouvernement de l’Ontario,https://www.ontario.ca/page/residential-rent-increases,Table Previous rent increase guidelines vérifiée ; ne s’applique pas au turnover ; certains logements occupés pour la première fois après le 15 novembre 2018 sont exemptés ; applicabilité exacte à The Met à confirmer. Date d’annonce individuelle inconnue ; ,2026-10-03,False,Disponibilité historique de cette valeur/version non qualifiée ; exclue des backtests.
2021,Ontario,Ontario,ontario_guideline,0.0,percent,2021-01/2021-12,,,Gouvernement de l’Ontario,https://www.ontario.ca/page/residential-rent-increases,Table Previous rent increase guidelines vérifiée ; ne s’applique pas au turnover ; certains logements occupés pour la première fois après le 15 novembre 2018 sont exemptés ; applicabilité exacte à The Met à confirmer. Date d’annonce individuelle inconnue ; ,2026-10-03,False,Disponibilité historique de cette valeur/version non qualifiée ; exclue des backtests.
2022,Ontario,Ontario,ontario_guideline,1.2,percent,2022-01/2022-12,,,Gouvernement de l’Ontario,https://www.ontario.ca/page/residential-rent-increases,Table Previous rent increase guidelines vérifiée ; ne s’applique pas au turnover ; certains logements occupés pour la première fois après le 15 novembre 2018 sont exemptés ; applicabilité exacte à The Met à confirmer. Date d’annonce individuelle inconnue ; ,2026-10-03,False,Disponibilité historique de cette valeur/version non qualifiée ; exclue des backtests.
2023,Ontario,Ontario,ontario_guideline,2.5,percent,2023-01/2023-12,,,Gouvernement de l’Ontario,https://www.ontario.ca/page/residential-rent-increases,Table Previous rent increase guidelines vérifiée ; ne s’applique pas au turnover ; certains logements occupés pour la première fois après le 15 novembre 2018 sont exemptés ; applicabilité exacte à The Met à confirmer. Date d’annonce individuelle inconnue ; ,2026-10-03,False,Disponibilité historique de cette valeur/version non qualifiée ; exclue des backtests.
2024,Ontario,Ontario,ontario_guideline,2.5,percent,2024-01/2024-12,,,Gouvernement de l’Ontario,https://www.ontario.ca/page/residential-rent-increases,Table Previous rent increase guidelines vérifiée ; ne s’applique pas au turnover ; certains logements occupés pour la première fois après le 15 novembre 2018 sont exemptés ; applicabilité exacte à The Met à confirmer. Date d’annonce individuelle inconnue ; ,2026-10-03,False,Disponibilité historique de cette valeur/version non qualifiée ; exclue des backtests.
2025,Ontario,Ontario,ontario_guideline,2.5,percent,2025-01/2025-12,,,Gouvernement de l’Ontario,https://www.ontario.ca/page/residential-rent-increases,Table Previous rent increase guidelines vérifiée ; ne s’applique pas au turnover ; certains logements occupés pour la première fois après le 15 novembre 2018 sont exemptés ; applicabilité exacte à The Met à confirmer. Date d’annonce individuelle inconnue ; ,2026-10-03,False,Disponibilité historique de cette valeur/version non qualifiée ; exclue des backtests.
2026,Ontario,Ontario,ontario_guideline,2.1,percent,2026-01/2026-12,,,Gouvernement de l’Ontario,https://www.ontario.ca/page/residential-rent-increases,Table Previous rent increase guidelines vérifiée ; ne s’applique pas au turnover ; certains logements occupés pour la première fois après le 15 novembre 2018 sont exemptés ; applicabilité exacte à The Met à confirmer. Date d’annonce individuelle inconnue ; ,2026-10-03,False,Disponibilité historique de cette valeur/version non qualifiée ; exclue des backtests.
2025,Montréal (RMR),Québec,average_rent,1346.0,CAD_per_month,2025-10,2025-12-11,,SCHL,https://www.cmhc-schl.gc.ca/professionals/housing-markets-data-and-research/market-reports/rental-market-reports-major-centres,"Deux chambres ; niveau moyen, pas loyer net JADCO. Rapport 2025 ; diffusion 2025-12-11 ; version web consultée 2026-10-03 ; ",2026-10-03,False,Disponibilité historique de cette valeur/version non qualifiée ; exclue des backtests.
2019,Montréal (RMR),Québec,average_rent_growth,,percent,2019-10,,,SCHL,https://www.cmhc-schl.gc.ca/professionals/housing-markets-data-and-research/market-reports/rental-market-reports-major-centres,Valeur non collectée : téléchargement du catalogue officiel historique bloqué (403) ; aucun remplacement. Version constatée 2026-10-03.,2026-10-03,False,Disponibilité historique de cette valeur/version non qualifiée ; exclue des backtests.
2020,Montréal (RMR),Québec,average_rent_growth,,percent,2020-10,,,SCHL,https://www.cmhc-schl.gc.ca/professionals/housing-markets-data-and-research/market-reports/rental-market-reports-major-centres,Valeur non collectée : téléchargement du catalogue officiel historique bloqué (403) ; aucun remplacement. Version constatée 2026-10-03.,2026-10-03,False,Disponibilité historique de cette valeur/version non qualifiée ; exclue des backtests.
2021,Montréal (RMR),Québec,average_rent_growth,,percent,2021-10,,,SCHL,https://www.cmhc-schl.gc.ca/professionals/housing-markets-data-and-research/market-reports/rental-market-reports-major-centres,Valeur non collectée : téléchargement du catalogue officiel historique bloqué (403) ; aucun remplacement. Version constatée 2026-10-03.,2026-10-03,False,Disponibilité historique de cette valeur/version non qualifiée ; exclue des backtests.
2022,Montréal (RMR),Québec,average_rent_growth,,percent,2022-10,,,SCHL,https://www.cmhc-schl.gc.ca/professionals/housing-markets-data-and-research/market-reports/rental-market-reports-major-centres,Valeur non collectée : téléchargement du catalogue officiel historique bloqué (403) ; aucun remplacement. Version constatée 2026-10-03.,2026-10-03,False,Disponibilité historique de cette valeur/version non qualifiée ; exclue des backtests.
2023,Montréal (RMR),Québec,average_rent_growth,,percent,2023-10,,,SCHL,https://www.cmhc-schl.gc.ca/professionals/housing-markets-data-and-research/market-reports/rental-market-reports-major-centres,Valeur non collectée : téléchargement du catalogue officiel historique bloqué (403) ; aucun remplacement. Version constatée 2026-10-03.,2026-10-03,False,Disponibilité historique de cette valeur/version non qualifiée ; exclue des backtests.
2024,Montréal (RMR),Québec,average_rent_growth,,percent,2024-10,,,SCHL,https://www.cmhc-schl.gc.ca/professionals/housing-markets-data-and-research/market-reports/rental-market-reports-major-centres,Valeur non collectée : téléchargement du catalogue officiel historique bloqué (403) ; aucun remplacement. Version constatée 2026-10-03.,2026-10-03,False,Disponibilité historique de cette valeur/version non qualifiée ; exclue des backtests.
2025,Montréal (RMR),Québec,average_rent_growth,7.2,percent,2025-10,2025-12-11,,SCHL,https://www.cmhc-schl.gc.ca/professionals/housing-markets-data-and-research/market-reports/rental-market-reports-major-centres,"Deux chambres ; variation sur échantillon commun de structures, pas ratio des loyers moyens. Rapport 2025 ; diffusion 2025-12-11 ; version web consultée 2026-10-03 ; ",2026-10-03,False,Disponibilité historique de cette valeur/version non qualifiée ; exclue des backtests.
2024,Montréal (RMR),Québec,non_turnover_rent_growth,4.7,percent,2024-10,2025-12-11,,SCHL,https://www.cmhc-schl.gc.ca/professionals/housing-markets-data-and-research/market-reports/rental-market-reports-major-centres,"Figure 9, édition 2025 ; appartements purpose-built de deux chambres ; croissance selon changement de locataire, définition SCHL distincte de sRenewal.",2026-10-03,False,Disponibilité historique de cette valeur/version non qualifiée ; exclue des backtests.
2025,Montréal (RMR),Québec,non_turnover_rent_growth,6.0,percent,2025-10,2025-12-11,,SCHL,https://www.cmhc-schl.gc.ca/professionals/housing-markets-data-and-research/market-reports/rental-market-reports-major-centres,"Figure 9, édition 2025 ; appartements purpose-built de deux chambres ; croissance selon changement de locataire, définition SCHL distincte de sRenewal.",2026-10-03,False,Disponibilité historique de cette valeur/version non qualifiée ; exclue des backtests.
2022,Montréal (RMR),Québec,turnover_average_rent,1235.0,CAD_per_month,2022-10,2025-12-11,,SCHL,https://www.cmhc-schl.gc.ca/professionals/housing-markets-data-and-research/market-reports/rental-market-reports-major-centres,"Figure 1, édition 2025 ; appartements purpose-built de deux chambres ayant changé de locataire ; historique republié, pas édition disponible à l’époque.",2026-10-03,False,Disponibilité historique de cette valeur/version non qualifiée ; exclue des backtests.
2023,Montréal (RMR),Québec,turnover_average_rent,1310.0,CAD_per_month,2023-10,2025-12-11,,SCHL,https://www.cmhc-schl.gc.ca/professionals/housing-markets-data-and-research/market-reports/rental-market-reports-major-centres,"Figure 1, édition 2025 ; appartements purpose-built de deux chambres ayant changé de locataire ; historique republié, pas édition disponible à l’époque.",2026-10-03,False,Disponibilité historique de cette valeur/version non qualifiée ; exclue des backtests.
2024,Montréal (RMR),Québec,turnover_average_rent,1407.0,CAD_per_month,2024-10,2025-12-11,,SCHL,https://www.cmhc-schl.gc.ca/professionals/housing-markets-data-and-research/market-reports/rental-market-reports-major-centres,"Figure 1, édition 2025 ; appartements purpose-built de deux chambres ayant changé de locataire ; historique republié, pas édition disponible à l’époque.",2026-10-03,False,Disponibilité historique de cette valeur/version non qualifiée ; exclue des backtests.
2025,Montréal (RMR),Québec,turnover_average_rent,1644.0,CAD_per_month,2025-10,2025-12-11,,SCHL,https://www.cmhc-schl.gc.ca/professionals/housing-markets-data-and-research/market-reports/rental-market-reports-major-centres,"Figure 1, édition 2025 ; appartements purpose-built de deux chambres ayant changé de locataire ; historique republié, pas édition disponible à l’époque.",2026-10-03,False,Disponibilité historique de cette valeur/version non qualifiée ; exclue des backtests.
2024,Montréal (RMR),Québec,turnover_rent_growth,18.7,percent,2024-10,2025-12-11,,SCHL,https://www.cmhc-schl.gc.ca/professionals/housing-markets-data-and-research/market-reports/rental-market-reports-major-centres,"Figure 9, édition 2025 ; appartements purpose-built de deux chambres ; croissance selon changement de locataire, définition SCHL distincte de sRenewal.",2026-10-03,False,Disponibilité historique de cette valeur/version non qualifiée ; exclue des backtests.
2025,Montréal (RMR),Québec,turnover_rent_growth,17.2,percent,2025-10,2025-12-11,,SCHL,https://www.cmhc-schl.gc.ca/professionals/housing-markets-data-and-research/market-reports/rental-market-reports-major-centres,"Figure 9, édition 2025 ; appartements purpose-built de deux chambres ; croissance selon changement de locataire, définition SCHL distincte de sRenewal.",2026-10-03,False,Disponibilité historique de cette valeur/version non qualifiée ; exclue des backtests.
2019,Montréal (RMR),Québec,vacancy_rate,,percent,2019-10,,,SCHL,https://www.cmhc-schl.gc.ca/professionals/housing-markets-data-and-research/market-reports/rental-market-reports-major-centres,Valeur non collectée : téléchargement du catalogue officiel historique bloqué (403) ; aucun remplacement. Version constatée 2026-10-03.,2026-10-03,False,Disponibilité historique de cette valeur/version non qualifiée ; exclue des backtests.
2020,Montréal (RMR),Québec,vacancy_rate,,percent,2020-10,,,SCHL,https://www.cmhc-schl.gc.ca/professionals/housing-markets-data-and-research/market-reports/rental-market-reports-major-centres,Valeur non collectée : téléchargement du catalogue officiel historique bloqué (403) ; aucun remplacement. Version constatée 2026-10-03.,2026-10-03,False,Disponibilité historique de cette valeur/version non qualifiée ; exclue des backtests.
2021,Montréal (RMR),Québec,vacancy_rate,,percent,2021-10,,,SCHL,https://www.cmhc-schl.gc.ca/professionals/housing-markets-data-and-research/market-reports/rental-market-reports-major-centres,Valeur non collectée : téléchargement du catalogue officiel historique bloqué (403) ; aucun remplacement. Version constatée 2026-10-03.,2026-10-03,False,Disponibilité historique de cette valeur/version non qualifiée ; exclue des backtests.
2022,Montréal (RMR),Québec,vacancy_rate,,percent,2022-10,,,SCHL,https://www.cmhc-schl.gc.ca/professionals/housing-markets-data-and-research/market-reports/rental-market-reports-major-centres,Valeur non collectée : téléchargement du catalogue officiel historique bloqué (403) ; aucun remplacement. Version constatée 2026-10-03.,2026-10-03,False,Disponibilité historique de cette valeur/version non qualifiée ; exclue des backtests.
2023,Montréal (RMR),Québec,vacancy_rate,,percent,2023-10,,,SCHL,https://www.cmhc-schl.gc.ca/professionals/housing-markets-data-and-research/market-reports/rental-market-reports-major-centres,Valeur non collectée : téléchargement du catalogue officiel historique bloqué (403) ; aucun remplacement. Version constatée 2026-10-03.,2026-10-03,False,Disponibilité historique de cette valeur/version non qualifiée ; exclue des backtests.
2024,Montréal (RMR),Québec,vacancy_rate,,percent,2024-10,,,SCHL,https://www.cmhc-schl.gc.ca/professionals/housing-markets-data-and-research/market-reports/rental-market-reports-major-centres,Valeur non collectée : téléchargement du catalogue officiel historique bloqué (403) ; aucun remplacement. Version constatée 2026-10-03.,2026-10-03,False,Disponibilité historique de cette valeur/version non qualifiée ; exclue des backtests.
2025,Montréal (RMR),Québec,vacancy_rate,2.9,percent,2025-10,2025-12-11,,SCHL,https://www.cmhc-schl.gc.ca/professionals/housing-markets-data-and-research/market-reports/rental-market-reports-major-centres,Tous types de chambres ; appartements locatifs construits pour la location. Rapport 2025 ; diffusion 2025-12-11 ; version web consultée 2026-10-03 ; ,2026-10-03,False,Disponibilité historique de cette valeur/version non qualifiée ; exclue des backtests.
2025,Ottawa-Gatineau (partie Ontario),Ontario,average_rent,1926.0,CAD_per_month,2025-10,2025-12-11,,SCHL,https://www.cmhc-schl.gc.ca/professionals/housing-markets-data-and-research/market-reports/rental-market-reports-major-centres,"Deux chambres ; niveau moyen, pas loyer net JADCO. Rapport 2025 ; diffusion 2025-12-11 ; version web consultée 2026-10-03 ; ",2026-10-03,False,Disponibilité historique de cette valeur/version non qualifiée ; exclue des backtests.
2019,Ottawa-Gatineau (partie Ontario),Ontario,average_rent_growth,,percent,2019-10,,,SCHL,https://www.cmhc-schl.gc.ca/professionals/housing-markets-data-and-research/market-reports/rental-market-reports-major-centres,Valeur non collectée : téléchargement du catalogue officiel historique bloqué (403) ; aucun remplacement. Version constatée 2026-10-03.,2026-10-03,False,Disponibilité historique de cette valeur/version non qualifiée ; exclue des backtests.
2020,Ottawa-Gatineau (partie Ontario),Ontario,average_rent_growth,,percent,2020-10,,,SCHL,https://www.cmhc-schl.gc.ca/professionals/housing-markets-data-and-research/market-reports/rental-market-reports-major-centres,Valeur non collectée : téléchargement du catalogue officiel historique bloqué (403) ; aucun remplacement. Version constatée 2026-10-03.,2026-10-03,False,Disponibilité historique de cette valeur/version non qualifiée ; exclue des backtests.
2021,Ottawa-Gatineau (partie Ontario),Ontario,average_rent_growth,,percent,2021-10,,,SCHL,https://www.cmhc-schl.gc.ca/professionals/housing-markets-data-and-research/market-reports/rental-market-reports-major-centres,Valeur non collectée : téléchargement du catalogue officiel historique bloqué (403) ; aucun remplacement. Version constatée 2026-10-03.,2026-10-03,False,Disponibilité historique de cette valeur/version non qualifiée ; exclue des backtests.
2022,Ottawa-Gatineau (partie Ontario),Ontario,average_rent_growth,,percent,2022-10,,,SCHL,https://www.cmhc-schl.gc.ca/professionals/housing-markets-data-and-research/market-reports/rental-market-reports-major-centres,Valeur non collectée : téléchargement du catalogue officiel historique bloqué (403) ; aucun remplacement. Version constatée 2026-10-03.,2026-10-03,False,Disponibilité historique de cette valeur/version non qualifiée ; exclue des backtests.
2023,Ottawa-Gatineau (partie Ontario),Ontario,average_rent_growth,,percent,2023-10,,,SCHL,https://www.cmhc-schl.gc.ca/professionals/housing-markets-data-and-research/market-reports/rental-market-reports-major-centres,Valeur non collectée : téléchargement du catalogue officiel historique bloqué (403) ; aucun remplacement. Version constatée 2026-10-03.,2026-10-03,False,Disponibilité historique de cette valeur/version non qualifiée ; exclue des backtests.
2024,Ottawa-Gatineau (partie Ontario),Ontario,average_rent_growth,,percent,2024-10,,,SCHL,https://www.cmhc-schl.gc.ca/professionals/housing-markets-data-and-research/market-reports/rental-market-reports-major-centres,Valeur non collectée : téléchargement du catalogue officiel historique bloqué (403) ; aucun remplacement. Version constatée 2026-10-03.,2026-10-03,False,Disponibilité historique de cette valeur/version non qualifiée ; exclue des backtests.
2025,Ottawa-Gatineau (partie Ontario),Ontario,average_rent_growth,3.4,percent,2025-10,2025-12-11,,SCHL,https://www.cmhc-schl.gc.ca/professionals/housing-markets-data-and-research/market-reports/rental-market-reports-major-centres,"Deux chambres ; variation sur échantillon commun de structures, pas ratio des loyers moyens. Rapport 2025 ; diffusion 2025-12-11 ; version web consultée 2026-10-03 ; ",2026-10-03,False,Disponibilité historique de cette valeur/version non qualifiée ; exclue des backtests.
2022,Ottawa-Gatineau (partie Ontario),Ontario,turnover_average_rent,1829.0,CAD_per_month,2022-10,2025-12-11,,SCHL,https://www.cmhc-schl.gc.ca/professionals/housing-markets-data-and-research/market-reports/rental-market-reports-major-centres,"Figure 1, édition 2025 ; appartements purpose-built de deux chambres ayant changé de locataire ; historique republié, pas édition disponible à l’époque.",2026-10-03,False,Disponibilité historique de cette valeur/version non qualifiée ; exclue des backtests.
2023,Ottawa-Gatineau (partie Ontario),Ontario,turnover_average_rent,1903.0,CAD_per_month,2023-10,2025-12-11,,SCHL,https://www.cmhc-schl.gc.ca/professionals/housing-markets-data-and-research/market-reports/rental-market-reports-major-centres,"Figure 1, édition 2025 ; appartements purpose-built de deux chambres ayant changé de locataire ; historique republié, pas édition disponible à l’époque.",2026-10-03,False,Disponibilité historique de cette valeur/version non qualifiée ; exclue des backtests.
2024,Ottawa-Gatineau (partie Ontario),Ontario,turnover_average_rent,2118.0,CAD_per_month,2024-10,2025-12-11,,SCHL,https://www.cmhc-schl.gc.ca/professionals/housing-markets-data-and-research/market-reports/rental-market-reports-major-centres,"Figure 1, édition 2025 ; appartements purpose-built de deux chambres ayant changé de locataire ; historique republié, pas édition disponible à l’époque.",2026-10-03,False,Disponibilité historique de cette valeur/version non qualifiée ; exclue des backtests.
2025,Ottawa-Gatineau (partie Ontario),Ontario,turnover_average_rent,2155.0,CAD_per_month,2025-10,2025-12-11,,SCHL,https://www.cmhc-schl.gc.ca/professionals/housing-markets-data-and-research/market-reports/rental-market-reports-major-centres,"Figure 1, édition 2025 ; appartements purpose-built de deux chambres ayant changé de locataire ; historique republié, pas édition disponible à l’époque.",2026-10-03,False,Disponibilité historique de cette valeur/version non qualifiée ; exclue des backtests.
2019,Ottawa-Gatineau (partie Ontario),Ontario,vacancy_rate,,percent,2019-10,,,SCHL,https://www.cmhc-schl.gc.ca/professionals/housing-markets-data-and-research/market-reports/rental-market-reports-major-centres,Valeur non collectée : téléchargement du catalogue officiel historique bloqué (403) ; aucun remplacement. Version constatée 2026-10-03.,2026-10-03,False,Disponibilité historique de cette valeur/version non qualifiée ; exclue des backtests.
2020,Ottawa-Gatineau (partie Ontario),Ontario,vacancy_rate,,percent,2020-10,,,SCHL,https://www.cmhc-schl.gc.ca/professionals/housing-markets-data-and-research/market-reports/rental-market-reports-major-centres,Valeur non collectée : téléchargement du catalogue officiel historique bloqué (403) ; aucun remplacement. Version constatée 2026-10-03.,2026-10-03,False,Disponibilité historique de cette valeur/version non qualifiée ; exclue des backtests.
2021,Ottawa-Gatineau (partie Ontario),Ontario,vacancy_rate,,percent,2021-10,,,SCHL,https://www.cmhc-schl.gc.ca/professionals/housing-markets-data-and-research/market-reports/rental-market-reports-major-centres,Valeur non collectée : téléchargement du catalogue officiel historique bloqué (403) ; aucun remplacement. Version constatée 2026-10-03.,2026-10-03,False,Disponibilité historique de cette valeur/version non qualifiée ; exclue des backtests.
2022,Ottawa-Gatineau (partie Ontario),Ontario,vacancy_rate,,percent,2022-10,,,SCHL,https://www.cmhc-schl.gc.ca/professionals/housing-markets-data-and-research/market-reports/rental-market-reports-major-centres,Valeur non collectée : téléchargement du catalogue officiel historique bloqué (403) ; aucun remplacement. Version constatée 2026-10-03.,2026-10-03,False,Disponibilité historique de cette valeur/version non qualifiée ; exclue des backtests.
2023,Ottawa-Gatineau (partie Ontario),Ontario,vacancy_rate,2.1,percent,2023-10,2025-12-11,,SCHL,https://www.cmhc-schl.gc.ca/professionals/housing-markets-data-and-research/market-reports/rental-market-reports-major-centres,"Figure 8, rapport 2025 : ensemble des appartements purpose-built ; valeur historique republiée en 2025. Version constatée 2026-10-03.",2026-10-03,False,Disponibilité historique de cette valeur/version non qualifiée ; exclue des backtests.
2024,Ottawa-Gatineau (partie Ontario),Ontario,vacancy_rate,2.6,percent,2024-10,2025-12-11,,SCHL,https://www.cmhc-schl.gc.ca/professionals/housing-markets-data-and-research/market-reports/rental-market-reports-major-centres,"Figure 8, rapport 2025 : ensemble des appartements purpose-built ; valeur historique republiée en 2025. Version constatée 2026-10-03.",2026-10-03,False,Disponibilité historique de cette valeur/version non qualifiée ; exclue des backtests.
2025,Ottawa-Gatineau (partie Ontario),Ontario,vacancy_rate,3.0,percent,2025-10,2025-12-11,,SCHL,https://www.cmhc-schl.gc.ca/professionals/housing-markets-data-and-research/market-reports/rental-market-reports-major-centres,Tous types de chambres ; appartements locatifs construits pour la location. Rapport 2025 ; diffusion 2025-12-11 ; version web consultée 2026-10-03 ; ,2026-10-03,False,Disponibilité historique de cette valeur/version non qualifiée ; exclue des backtests.
2017,Ontario,Ontario,rent_cpi_annual_growth,0.945273631841,percent,2017-01/2017-12,,,Statistique Canada,https://www150.statcan.gc.ca/t1/tbl1/en/tv.action?pid=1810000401,Table 18-10-0004-01 ; Rent ; vecteur v41691954 ; moyenne des 12 indices mensuels ; croissance = 100*(moyenne année/moyenne année précédente-1). Version téléchargée 2026-10-03 ; dates originales et versions historiques non établies ; ,2026-10-03,False,Disponibilité historique de cette valeur/version non qualifiée ; exclue des backtests.
2018,Ontario,Ontario,rent_cpi_annual_growth,1.44335703725,percent,2018-01/2018-12,,,Statistique Canada,https://www150.statcan.gc.ca/t1/tbl1/en/tv.action?pid=1810000401,Table 18-10-0004-01 ; Rent ; vecteur v41691954 ; moyenne des 12 indices mensuels ; croissance = 100*(moyenne année/moyenne année précédente-1). Version téléchargée 2026-10-03 ; dates originales et versions historiques non établies ; ,2026-10-03,False,Disponibilité historique de cette valeur/version non qualifiée ; exclue des backtests.
2019,Ontario,Ontario,rent_cpi_annual_growth,3.79650194336,percent,2019-01/2019-12,,,Statistique Canada,https://www150.statcan.gc.ca/t1/tbl1/en/tv.action?pid=1810000401,Table 18-10-0004-01 ; Rent ; vecteur v41691954 ; moyenne des 12 indices mensuels ; croissance = 100*(moyenne année/moyenne année précédente-1). Version téléchargée 2026-10-03 ; dates originales et versions historiques non établies ; ,2026-10-03,False,Disponibilité historique de cette valeur/version non qualifiée ; exclue des backtests.
2020,Ontario,Ontario,rent_cpi_annual_growth,1.63824807757,percent,2020-01/2020-12,,,Statistique Canada,https://www150.statcan.gc.ca/t1/tbl1/en/tv.action?pid=1810000401,Table 18-10-0004-01 ; Rent ; vecteur v41691954 ; moyenne des 12 indices mensuels ; croissance = 100*(moyenne année/moyenne année précédente-1). Version téléchargée 2026-10-03 ; dates originales et versions historiques non établies ; ,2026-10-03,False,Disponibilité historique de cette valeur/version non qualifiée ; exclue des backtests.
2021,Ontario,Ontario,rent_cpi_annual_growth,1.48684210526,percent,2021-01/2021-12,,,Statistique Canada,https://www150.statcan.gc.ca/t1/tbl1/en/tv.action?pid=1810000401,Table 18-10-0004-01 ; Rent ; vecteur v41691954 ; moyenne des 12 indices mensuels ; croissance = 100*(moyenne année/moyenne année précédente-1). Version téléchargée 2026-10-03 ; dates originales et versions historiques non établies ; ,2026-10-03,False,Disponibilité historique de cette valeur/version non qualifiée ; exclue des backtests.
2022,Ontario,Ontario,rent_cpi_annual_growth,5.58148580319,percent,2022-01/2022-12,,,Statistique Canada,https://www150.statcan.gc.ca/t1/tbl1/en/tv.action?pid=1810000401,Table 18-10-0004-01 ; Rent ; vecteur v41691954 ; moyenne des 12 indices mensuels ; croissance = 100*(moyenne année/moyenne année précédente-1). Version téléchargée 2026-10-03 ; dates originales et versions historiques non établies ; ,2026-10-03,False,Disponibilité historique de cette valeur/version non qualifiée ; exclue des backtests.
2023,Ontario,Ontario,rent_cpi_annual_growth,6.26880334009,percent,2023-01/2023-12,,,Statistique Canada,https://www150.statcan.gc.ca/t1/tbl1/en/tv.action?pid=1810000401,Table 18-10-0004-01 ; Rent ; vecteur v41691954 ; moyenne des 12 indices mensuels ; croissance = 100*(moyenne année/moyenne année précédente-1). Version téléchargée 2026-10-03 ; dates originales et versions historiques non établies ; ,2026-10-03,False,Disponibilité historique de cette valeur/version non qualifiée ; exclue des backtests.
2024,Ontario,Ontario,rent_cpi_annual_growth,6.90432170095,percent,2024-01/2024-12,,,Statistique Canada,https://www150.statcan.gc.ca/t1/tbl1/en/tv.action?pid=1810000401,Table 18-10-0004-01 ; Rent ; vecteur v41691954 ; moyenne des 12 indices mensuels ; croissance = 100*(moyenne année/moyenne année précédente-1). Version téléchargée 2026-10-03 ; dates originales et versions historiques non établies ; ,2026-10-03,False,Disponibilité historique de cette valeur/version non qualifiée ; exclue des backtests.
2025,Ontario,Ontario,rent_cpi_annual_growth,4.30200508026,percent,2025-01/2025-12,,,Statistique Canada,https://www150.statcan.gc.ca/t1/tbl1/en/tv.action?pid=1810000401,Table 18-10-0004-01 ; Rent ; vecteur v41691954 ; moyenne des 12 indices mensuels ; croissance = 100*(moyenne année/moyenne année précédente-1). Version téléchargée 2026-10-03 ; dates originales et versions historiques non établies ; ,2026-10-03,False,Disponibilité historique de cette valeur/version non qualifiée ; exclue des backtests.
2017,Ontario,Ontario,rent_cpi_annual_mean,118.358333333,index_2002_100,2017-01/2017-12,,,Statistique Canada,https://www150.statcan.gc.ca/t1/tbl1/en/tv.action?pid=1810000401,Table 18-10-0004-01 ; Rent ; vecteur v41691954 ; moyenne des 12 indices mensuels ; croissance = 100*(moyenne année/moyenne année précédente-1). Version téléchargée 2026-10-03 ; dates originales et versions historiques non établies ; ,2026-10-03,False,Disponibilité historique de cette valeur/version non qualifiée ; exclue des backtests.
2018,Ontario,Ontario,rent_cpi_annual_mean,120.066666667,index_2002_100,2018-01/2018-12,,,Statistique Canada,https://www150.statcan.gc.ca/t1/tbl1/en/tv.action?pid=1810000401,Table 18-10-0004-01 ; Rent ; vecteur v41691954 ; moyenne des 12 indices mensuels ; croissance = 100*(moyenne année/moyenne année précédente-1). Version téléchargée 2026-10-03 ; dates originales et versions historiques non établies ; ,2026-10-03,False,Disponibilité historique de cette valeur/version non qualifiée ; exclue des backtests.
2019,Ontario,Ontario,rent_cpi_annual_mean,124.625,index_2002_100,2019-01/2019-12,,,Statistique Canada,https://www150.statcan.gc.ca/t1/tbl1/en/tv.action?pid=1810000401,Table 18-10-0004-01 ; Rent ; vecteur v41691954 ; moyenne des 12 indices mensuels ; croissance = 100*(moyenne année/moyenne année précédente-1). Version téléchargée 2026-10-03 ; dates originales et versions historiques non établies ; ,2026-10-03,False,Disponibilité historique de cette valeur/version non qualifiée ; exclue des backtests.
2020,Ontario,Ontario,rent_cpi_annual_mean,126.666666667,index_2002_100,2020-01/2020-12,,,Statistique Canada,https://www150.statcan.gc.ca/t1/tbl1/en/tv.action?pid=1810000401,Table 18-10-0004-01 ; Rent ; vecteur v41691954 ; moyenne des 12 indices mensuels ; croissance = 100*(moyenne année/moyenne année précédente-1). Version téléchargée 2026-10-03 ; dates originales et versions historiques non établies ; ,2026-10-03,False,Disponibilité historique de cette valeur/version non qualifiée ; exclue des backtests.
2021,Ontario,Ontario,rent_cpi_annual_mean,128.55,index_2002_100,2021-01/2021-12,,,Statistique Canada,https://www150.statcan.gc.ca/t1/tbl1/en/tv.action?pid=1810000401,Table 18-10-0004-01 ; Rent ; vecteur v41691954 ; moyenne des 12 indices mensuels ; croissance = 100*(moyenne année/moyenne année précédente-1). Version téléchargée 2026-10-03 ; dates originales et versions historiques non établies ; ,2026-10-03,False,Disponibilité historique de cette valeur/version non qualifiée ; exclue des backtests.
2022,Ontario,Ontario,rent_cpi_annual_mean,135.725,index_2002_100,2022-01/2022-12,,,Statistique Canada,https://www150.statcan.gc.ca/t1/tbl1/en/tv.action?pid=1810000401,Table 18-10-0004-01 ; Rent ; vecteur v41691954 ; moyenne des 12 indices mensuels ; croissance = 100*(moyenne année/moyenne année précédente-1). Version téléchargée 2026-10-03 ; dates originales et versions historiques non établies ; ,2026-10-03,False,Disponibilité historique de cette valeur/version non qualifiée ; exclue des backtests.
2023,Ontario,Ontario,rent_cpi_annual_mean,144.233333333,index_2002_100,2023-01/2023-12,,,Statistique Canada,https://www150.statcan.gc.ca/t1/tbl1/en/tv.action?pid=1810000401,Table 18-10-0004-01 ; Rent ; vecteur v41691954 ; moyenne des 12 indices mensuels ; croissance = 100*(moyenne année/moyenne année précédente-1). Version téléchargée 2026-10-03 ; dates originales et versions historiques non établies ; ,2026-10-03,False,Disponibilité historique de cette valeur/version non qualifiée ; exclue des backtests.
2024,Ontario,Ontario,rent_cpi_annual_mean,154.191666667,index_2002_100,2024-01/2024-12,,,Statistique Canada,https://www150.statcan.gc.ca/t1/tbl1/en/tv.action?pid=1810000401,Table 18-10-0004-01 ; Rent ; vecteur v41691954 ; moyenne des 12 indices mensuels ; croissance = 100*(moyenne année/moyenne année précédente-1). Version téléchargée 2026-10-03 ; dates originales et versions historiques non établies ; ,2026-10-03,False,Disponibilité historique de cette valeur/version non qualifiée ; exclue des backtests.
2025,Ontario,Ontario,rent_cpi_annual_mean,160.825,index_2002_100,2025-01/2025-12,,,Statistique Canada,https://www150.statcan.gc.ca/t1/tbl1/en/tv.action?pid=1810000401,Table 18-10-0004-01 ; Rent ; vecteur v41691954 ; moyenne des 12 indices mensuels ; croissance = 100*(moyenne année/moyenne année précédente-1). Version téléchargée 2026-10-03 ; dates originales et versions historiques non établies ; ,2026-10-03,False,Disponibilité historique de cette valeur/version non qualifiée ; exclue des backtests.
2026,Ontario,Ontario,rent_cpi_ytd_growth,2.0023464998,percent,2026-01/2026-08,,,Statistique Canada,https://www150.statcan.gc.ca/t1/tbl1/en/tv.action?pid=1810000401,Année partielle jusqu’à 2026-08 ; comparaison avec les mêmes mois de l’année précédente ; aucune annualisation ; version 2026-10-03 et publication originale inconnue.,2026-10-03,False,Disponibilité historique de cette valeur/version non qualifiée ; exclue des backtests.
2026,Ontario,Ontario,rent_cpi_ytd_mean,163.0125,index_2002_100,2026-01/2026-08,,,Statistique Canada,https://www150.statcan.gc.ca/t1/tbl1/en/tv.action?pid=1810000401,Année partielle jusqu’à 2026-08 ; comparaison avec les mêmes mois de l’année précédente ; aucune annualisation ; version 2026-10-03 et publication originale inconnue.,2026-10-03,False,Disponibilité historique de cette valeur/version non qualifiée ; exclue des backtests.
2017,Québec,Québec,rent_cpi_annual_growth,0.732991744947,percent,2017-01/2017-12,,,Statistique Canada,https://www150.statcan.gc.ca/t1/tbl1/en/tv.action?pid=1810000401,Table 18-10-0004-01 ; Rent ; vecteur v41691818 ; moyenne des 12 indices mensuels ; croissance = 100*(moyenne année/moyenne année précédente-1). Version téléchargée 2026-10-03 ; dates originales et versions historiques non établies ; ,2026-10-03,False,Disponibilité historique de cette valeur/version non qualifiée ; exclue des backtests.
2018,Québec,Québec,rent_cpi_annual_growth,0.805369127517,percent,2018-01/2018-12,,,Statistique Canada,https://www150.statcan.gc.ca/t1/tbl1/en/tv.action?pid=1810000401,Table 18-10-0004-01 ; Rent ; vecteur v41691818 ; moyenne des 12 indices mensuels ; croissance = 100*(moyenne année/moyenne année précédente-1). Version téléchargée 2026-10-03 ; dates originales et versions historiques non établies ; ,2026-10-03,False,Disponibilité historique de cette valeur/version non qualifiée ; exclue des backtests.
2019,Québec,Québec,rent_cpi_annual_growth,1.93426308781,percent,2019-01/2019-12,,,Statistique Canada,https://www150.statcan.gc.ca/t1/tbl1/en/tv.action?pid=1810000401,Table 18-10-0004-01 ; Rent ; vecteur v41691818 ; moyenne des 12 indices mensuels ; croissance = 100*(moyenne année/moyenne année précédente-1). Version téléchargée 2026-10-03 ; dates originales et versions historiques non établies ; ,2026-10-03,False,Disponibilité historique de cette valeur/version non qualifiée ; exclue des backtests.
2020,Québec,Québec,rent_cpi_annual_growth,1.19628738398,percent,2020-01/2020-12,,,Statistique Canada,https://www150.statcan.gc.ca/t1/tbl1/en/tv.action?pid=1810000401,Table 18-10-0004-01 ; Rent ; vecteur v41691818 ; moyenne des 12 indices mensuels ; croissance = 100*(moyenne année/moyenne année précédente-1). Version téléchargée 2026-10-03 ; dates originales et versions historiques non établies ; ,2026-10-03,False,Disponibilité historique de cette valeur/version non qualifiée ; exclue des backtests.
2021,Québec,Québec,rent_cpi_annual_growth,2.7447516815,percent,2021-01/2021-12,,,Statistique Canada,https://www150.statcan.gc.ca/t1/tbl1/en/tv.action?pid=1810000401,Table 18-10-0004-01 ; Rent ; vecteur v41691818 ; moyenne des 12 indices mensuels ; croissance = 100*(moyenne année/moyenne année précédente-1). Version téléchargée 2026-10-03 ; dates originales et versions historiques non établies ; ,2026-10-03,False,Disponibilité historique de cette valeur/version non qualifiée ; exclue des backtests.
2022,Québec,Québec,rent_cpi_annual_growth,3.5971698737,percent,2022-01/2022-12,,,Statistique Canada,https://www150.statcan.gc.ca/t1/tbl1/en/tv.action?pid=1810000401,Table 18-10-0004-01 ; Rent ; vecteur v41691818 ; moyenne des 12 indices mensuels ; croissance = 100*(moyenne année/moyenne année précédente-1). Version téléchargée 2026-10-03 ; dates originales et versions historiques non établies ; ,2026-10-03,False,Disponibilité historique de cette valeur/version non qualifiée ; exclue des backtests.
2023,Québec,Québec,rent_cpi_annual_growth,5.8785983277,percent,2023-01/2023-12,,,Statistique Canada,https://www150.statcan.gc.ca/t1/tbl1/en/tv.action?pid=1810000401,Table 18-10-0004-01 ; Rent ; vecteur v41691818 ; moyenne des 12 indices mensuels ; croissance = 100*(moyenne année/moyenne année précédente-1). Version téléchargée 2026-10-03 ; dates originales et versions historiques non établies ; ,2026-10-03,False,Disponibilité historique de cette valeur/version non qualifiée ; exclue des backtests.
2024,Québec,Québec,rent_cpi_annual_growth,8.87388473595,percent,2024-01/2024-12,,,Statistique Canada,https://www150.statcan.gc.ca/t1/tbl1/en/tv.action?pid=1810000401,Table 18-10-0004-01 ; Rent ; vecteur v41691818 ; moyenne des 12 indices mensuels ; croissance = 100*(moyenne année/moyenne année précédente-1). Version téléchargée 2026-10-03 ; dates originales et versions historiques non établies ; ,2026-10-03,False,Disponibilité historique de cette valeur/version non qualifiée ; exclue des backtests.
2025,Québec,Québec,rent_cpi_annual_growth,7.74640088594,percent,2025-01/2025-12,,,Statistique Canada,https://www150.statcan.gc.ca/t1/tbl1/en/tv.action?pid=1810000401,Table 18-10-0004-01 ; Rent ; vecteur v41691818 ; moyenne des 12 indices mensuels ; croissance = 100*(moyenne année/moyenne année précédente-1). Version téléchargée 2026-10-03 ; dates originales et versions historiques non établies ; ,2026-10-03,False,Disponibilité historique de cette valeur/version non qualifiée ; exclue des backtests.
2017,Québec,Québec,rent_cpi_annual_mean,117.958333333,index_2002_100,2017-01/2017-12,,,Statistique Canada,https://www150.statcan.gc.ca/t1/tbl1/en/tv.action?pid=1810000401,Table 18-10-0004-01 ; Rent ; vecteur v41691818 ; moyenne des 12 indices mensuels ; croissance = 100*(moyenne année/moyenne année précédente-1). Version téléchargée 2026-10-03 ; dates originales et versions historiques non établies ; ,2026-10-03,False,Disponibilité historique de cette valeur/version non qualifiée ; exclue des backtests.
2018,Québec,Québec,rent_cpi_annual_mean,118.908333333,index_2002_100,2018-01/2018-12,,,Statistique Canada,https://www150.statcan.gc.ca/t1/tbl1/en/tv.action?pid=1810000401,Table 18-10-0004-01 ; Rent ; vecteur v41691818 ; moyenne des 12 indices mensuels ; croissance = 100*(moyenne année/moyenne année précédente-1). Version téléchargée 2026-10-03 ; dates originales et versions historiques non établies ; ,2026-10-03,False,Disponibilité historique de cette valeur/version non qualifiée ; exclue des backtests.
2019,Québec,Québec,rent_cpi_annual_mean,121.208333333,index_2002_100,2019-01/2019-12,,,Statistique Canada,https://www150.statcan.gc.ca/t1/tbl1/en/tv.action?pid=1810000401,Table 18-10-0004-01 ; Rent ; vecteur v41691818 ; moyenne des 12 indices mensuels ; croissance = 100*(moyenne année/moyenne année précédente-1). Version téléchargée 2026-10-03 ; dates originales et versions historiques non établies ; ,2026-10-03,False,Disponibilité historique de cette valeur/version non qualifiée ; exclue des backtests.
2020,Québec,Québec,rent_cpi_annual_mean,122.658333333,index_2002_100,2020-01/2020-12,,,Statistique Canada,https://www150.statcan.gc.ca/t1/tbl1/en/tv.action?pid=1810000401,Table 18-10-0004-01 ; Rent ; vecteur v41691818 ; moyenne des 12 indices mensuels ; croissance = 100*(moyenne année/moyenne année précédente-1). Version téléchargée 2026-10-03 ; dates originales et versions historiques non établies ; ,2026-10-03,False,Disponibilité historique de cette valeur/version non qualifiée ; exclue des backtests.
2021,Québec,Québec,rent_cpi_annual_mean,126.025,index_2002_100,2021-01/2021-12,,,Statistique Canada,https://www150.statcan.gc.ca/t1/tbl1/en/tv.action?pid=1810000401,Table 18-10-0004-01 ; Rent ; vecteur v41691818 ; moyenne des 12 indices mensuels ; croissance = 100*(moyenne année/moyenne année précédente-1). Version téléchargée 2026-10-03 ; dates originales et versions historiques non établies ; ,2026-10-03,False,Disponibilité historique de cette valeur/version non qualifiée ; exclue des backtests.
2022,Québec,Québec,rent_cpi_annual_mean,130.558333333,index_2002_100,2022-01/2022-12,,,Statistique Canada,https://www150.statcan.gc.ca/t1/tbl1/en/tv.action?pid=1810000401,Table 18-10-0004-01 ; Rent ; vecteur v41691818 ; moyenne des 12 indices mensuels ; croissance = 100*(moyenne année/moyenne année précédente-1). Version téléchargée 2026-10-03 ; dates originales et versions historiques non établies ; ,2026-10-03,False,Disponibilité historique de cette valeur/version non qualifiée ; exclue des backtests.
2023,Québec,Québec,rent_cpi_annual_mean,138.233333333,index_2002_100,2023-01/2023-12,,,Statistique Canada,https://www150.statcan.gc.ca/t1/tbl1/en/tv.action?pid=1810000401,Table 18-10-0004-01 ; Rent ; vecteur v41691818 ; moyenne des 12 indices mensuels ; croissance = 100*(moyenne année/moyenne année précédente-1). Version téléchargée 2026-10-03 ; dates originales et versions historiques non établies ; ,2026-10-03,False,Disponibilité historique de cette valeur/version non qualifiée ; exclue des backtests.
2024,Québec,Québec,rent_cpi_annual_mean,150.5,index_2002_100,2024-01/2024-12,,,Statistique Canada,https://www150.statcan.gc.ca/t1/tbl1/en/tv.action?pid=1810000401,Table 18-10-0004-01 ; Rent ; vecteur v41691818 ; moyenne des 12 indices mensuels ; croissance = 100*(moyenne année/moyenne année précédente-1). Version téléchargée 2026-10-03 ; dates originales et versions historiques non établies ; ,2026-10-03,False,Disponibilité historique de cette valeur/version non qualifiée ; exclue des backtests.
2025,Québec,Québec,rent_cpi_annual_mean,162.158333333,index_2002_100,2025-01/2025-12,,,Statistique Canada,https://www150.statcan.gc.ca/t1/tbl1/en/tv.action?pid=1810000401,Table 18-10-0004-01 ; Rent ; vecteur v41691818 ; moyenne des 12 indices mensuels ; croissance = 100*(moyenne année/moyenne année précédente-1). Version téléchargée 2026-10-03 ; dates originales et versions historiques non établies ; ,2026-10-03,False,Disponibilité historique de cette valeur/version non qualifiée ; exclue des backtests.
2026,Québec,Québec,rent_cpi_ytd_growth,5.68190760998,percent,2026-01/2026-08,,,Statistique Canada,https://www150.statcan.gc.ca/t1/tbl1/en/tv.action?pid=1810000401,Année partielle jusqu’à 2026-08 ; comparaison avec les mêmes mois de l’année précédente ; aucune annualisation ; version 2026-10-03 et publication originale inconnue.,2026-10-03,False,Disponibilité historique de cette valeur/version non qualifiée ; exclue des backtests.
2026,Québec,Québec,rent_cpi_ytd_mean,167.8625,index_2002_100,2026-01/2026-08,,,Statistique Canada,https://www150.statcan.gc.ca/t1/tbl1/en/tv.action?pid=1810000401,Année partielle jusqu’à 2026-08 ; comparaison avec les mêmes mois de l’année précédente ; aucune annualisation ; version 2026-10-03 et publication originale inconnue.,2026-10-03,False,Disponibilité historique de cette valeur/version non qualifiée ; exclue des backtests.
2025,Québec,Québec,tal_legacy_building_services,4.5,percent,2025-04-02/2026-04-01,2025-01-21,2025-01-21,TAL,https://www.tal.gouv.qc.ca/fr/reconduction-du-bail-et-fixation-de-loyer/pourcentages-applicables-aux-criteres-de-fixation-de-loyer,"Composante distincte ; ancienne méthode, avis avant le 1er janvier 2026 ; valeur publiée dans tableau courant 2025/2026, première diffusion non reconstituée ; aucun guideline Québec synthétique.",2026-10-03,True,Publication et mise à disposition officielles des paramètres : https://www.tal.gouv.qc.ca/fr/actualites/detail?code=le-calcul-de-l-ajustement-des-loyers-en-2025
2026,Québec,Québec,tal_legacy_building_services,3.4,percent,2026-04-02/2027-04-01,,,TAL,https://www.tal.gouv.qc.ca/fr/reconduction-du-bail-et-fixation-de-loyer/pourcentages-applicables-aux-criteres-de-fixation-de-loyer,"Composante distincte ; ancienne méthode, avis avant le 1er janvier 2026 ; valeur publiée dans tableau courant 2025/2026, première diffusion non reconstituée ; aucun guideline Québec synthétique.",2026-10-03,False,Disponibilité historique de cette valeur/version non qualifiée ; exclue des backtests.
2025,Québec,Québec,tal_legacy_capital_expenditure,4.7,percent,2025-04-02/2026-04-01,2025-01-21,2025-01-21,TAL,https://www.tal.gouv.qc.ca/fr/reconduction-du-bail-et-fixation-de-loyer/pourcentages-applicables-aux-criteres-de-fixation-de-loyer,"Composante distincte ; ancienne méthode, avis avant le 1er janvier 2026 ; valeur publiée dans tableau courant 2025/2026, première diffusion non reconstituée ; aucun guideline Québec synthétique.",2026-10-03,True,Publication et mise à disposition officielles des paramètres : https://www.tal.gouv.qc.ca/fr/actualites/detail?code=le-calcul-de-l-ajustement-des-loyers-en-2025
2026,Québec,Québec,tal_legacy_capital_expenditure,4.0,percent,2026-04-02/2027-04-01,,,TAL,https://www.tal.gouv.qc.ca/fr/reconduction-du-bail-et-fixation-de-loyer/pourcentages-applicables-aux-criteres-de-fixation-de-loyer,"Composante distincte ; ancienne méthode, avis avant le 1er janvier 2026 ; valeur publiée dans tableau courant 2025/2026, première diffusion non reconstituée ; aucun guideline Québec synthétique.",2026-10-03,False,Disponibilité historique de cette valeur/version non qualifiée ; exclue des backtests.
2025,Québec,Québec,tal_legacy_electricity,2.9,percent,2025-04-02/2026-04-01,2025-01-21,2025-01-21,TAL,https://www.tal.gouv.qc.ca/fr/reconduction-du-bail-et-fixation-de-loyer/pourcentages-applicables-aux-criteres-de-fixation-de-loyer,"Composante distincte ; ancienne méthode, avis avant le 1er janvier 2026 ; valeur publiée dans tableau courant 2025/2026, première diffusion non reconstituée ; aucun guideline Québec synthétique.",2026-10-03,True,Publication et mise à disposition officielles des paramètres : https://www.tal.gouv.qc.ca/fr/actualites/detail?code=le-calcul-de-l-ajustement-des-loyers-en-2025
2026,Québec,Québec,tal_legacy_electricity,2.9,percent,2026-04-02/2027-04-01,,,TAL,https://www.tal.gouv.qc.ca/fr/reconduction-du-bail-et-fixation-de-loyer/pourcentages-applicables-aux-criteres-de-fixation-de-loyer,"Composante distincte ; ancienne méthode, avis avant le 1er janvier 2026 ; valeur publiée dans tableau courant 2025/2026, première diffusion non reconstituée ; aucun guideline Québec synthétique.",2026-10-03,False,Disponibilité historique de cette valeur/version non qualifiée ; exclue des backtests.
2025,Québec,Québec,tal_legacy_fuel_oil_other_energy,-2.9,percent,2025-04-02/2026-04-01,2025-01-21,2025-01-21,TAL,https://www.tal.gouv.qc.ca/fr/reconduction-du-bail-et-fixation-de-loyer/pourcentages-applicables-aux-criteres-de-fixation-de-loyer,"Composante distincte ; ancienne méthode, avis avant le 1er janvier 2026 ; valeur publiée dans tableau courant 2025/2026, première diffusion non reconstituée ; aucun guideline Québec synthétique.",2026-10-03,True,Publication et mise à disposition officielles des paramètres : https://www.tal.gouv.qc.ca/fr/actualites/detail?code=le-calcul-de-l-ajustement-des-loyers-en-2025
2026,Québec,Québec,tal_legacy_fuel_oil_other_energy,4.9,percent,2026-04-02/2027-04-01,,,TAL,https://www.tal.gouv.qc.ca/fr/reconduction-du-bail-et-fixation-de-loyer/pourcentages-applicables-aux-criteres-de-fixation-de-loyer,"Composante distincte ; ancienne méthode, avis avant le 1er janvier 2026 ; valeur publiée dans tableau courant 2025/2026, première diffusion non reconstituée ; aucun guideline Québec synthétique.",2026-10-03,False,Disponibilité historique de cette valeur/version non qualifiée ; exclue des backtests.
2025,Québec,Québec,tal_legacy_gas,-5.8,percent,2025-04-02/2026-04-01,2025-01-21,2025-01-21,TAL,https://www.tal.gouv.qc.ca/fr/reconduction-du-bail-et-fixation-de-loyer/pourcentages-applicables-aux-criteres-de-fixation-de-loyer,"Composante distincte ; ancienne méthode, avis avant le 1er janvier 2026 ; valeur publiée dans tableau courant 2025/2026, première diffusion non reconstituée ; aucun guideline Québec synthétique.",2026-10-03,True,Publication et mise à disposition officielles des paramètres : https://www.tal.gouv.qc.ca/fr/actualites/detail?code=le-calcul-de-l-ajustement-des-loyers-en-2025
2026,Québec,Québec,tal_legacy_gas,13.7,percent,2026-04-02/2027-04-01,,,TAL,https://www.tal.gouv.qc.ca/fr/reconduction-du-bail-et-fixation-de-loyer/pourcentages-applicables-aux-criteres-de-fixation-de-loyer,"Composante distincte ; ancienne méthode, avis avant le 1er janvier 2026 ; valeur publiée dans tableau courant 2025/2026, première diffusion non reconstituée ; aucun guideline Québec synthétique.",2026-10-03,False,Disponibilité historique de cette valeur/version non qualifiée ; exclue des backtests.
2025,Québec,Québec,tal_legacy_maintenance,6.9,percent,2025-04-02/2026-04-01,2025-01-21,2025-01-21,TAL,https://www.tal.gouv.qc.ca/fr/reconduction-du-bail-et-fixation-de-loyer/pourcentages-applicables-aux-criteres-de-fixation-de-loyer,"Composante distincte ; ancienne méthode, avis avant le 1er janvier 2026 ; valeur publiée dans tableau courant 2025/2026, première diffusion non reconstituée ; aucun guideline Québec synthétique.",2026-10-03,True,Publication et mise à disposition officielles des paramètres : https://www.tal.gouv.qc.ca/fr/actualites/detail?code=le-calcul-de-l-ajustement-des-loyers-en-2025
2026,Québec,Québec,tal_legacy_maintenance,5.7,percent,2026-04-02/2027-04-01,,,TAL,https://www.tal.gouv.qc.ca/fr/reconduction-du-bail-et-fixation-de-loyer/pourcentages-applicables-aux-criteres-de-fixation-de-loyer,"Composante distincte ; ancienne méthode, avis avant le 1er janvier 2026 ; valeur publiée dans tableau courant 2025/2026, première diffusion non reconstituée ; aucun guideline Québec synthétique.",2026-10-03,False,Disponibilité historique de cette valeur/version non qualifiée ; exclue des backtests.
2025,Québec,Québec,tal_legacy_management,8.2,percent,2025-04-02/2026-04-01,2025-01-21,2025-01-21,TAL,https://www.tal.gouv.qc.ca/fr/reconduction-du-bail-et-fixation-de-loyer/pourcentages-applicables-aux-criteres-de-fixation-de-loyer,"Composante distincte ; ancienne méthode, avis avant le 1er janvier 2026 ; valeur publiée dans tableau courant 2025/2026, première diffusion non reconstituée ; aucun guideline Québec synthétique.",2026-10-03,True,Publication et mise à disposition officielles des paramètres : https://www.tal.gouv.qc.ca/fr/actualites/detail?code=le-calcul-de-l-ajustement-des-loyers-en-2025
2026,Québec,Québec,tal_legacy_management,7.2,percent,2026-04-02/2027-04-01,,,TAL,https://www.tal.gouv.qc.ca/fr/reconduction-du-bail-et-fixation-de-loyer/pourcentages-applicables-aux-criteres-de-fixation-de-loyer,"Composante distincte ; ancienne méthode, avis avant le 1er janvier 2026 ; valeur publiée dans tableau courant 2025/2026, première diffusion non reconstituée ; aucun guideline Québec synthétique.",2026-10-03,False,Disponibilité historique de cette valeur/version non qualifiée ; exclue des backtests.
2025,Québec,Québec,tal_legacy_net_income,6.9,percent,2025-04-02/2026-04-01,2025-01-21,2025-01-21,TAL,https://www.tal.gouv.qc.ca/fr/reconduction-du-bail-et-fixation-de-loyer/pourcentages-applicables-aux-criteres-de-fixation-de-loyer,"Composante distincte ; ancienne méthode, avis avant le 1er janvier 2026 ; valeur publiée dans tableau courant 2025/2026, première diffusion non reconstituée ; aucun guideline Québec synthétique.",2026-10-03,True,Publication et mise à disposition officielles des paramètres : https://www.tal.gouv.qc.ca/fr/actualites/detail?code=le-calcul-de-l-ajustement-des-loyers-en-2025
2026,Québec,Québec,tal_legacy_net_income,5.7,percent,2026-04-02/2027-04-01,,,TAL,https://www.tal.gouv.qc.ca/fr/reconduction-du-bail-et-fixation-de-loyer/pourcentages-applicables-aux-criteres-de-fixation-de-loyer,"Composante distincte ; ancienne méthode, avis avant le 1er janvier 2026 ; valeur publiée dans tableau courant 2025/2026, première diffusion non reconstituée ; aucun guideline Québec synthétique.",2026-10-03,False,Disponibilité historique de cette valeur/version non qualifiée ; exclue des backtests.
2025,Québec,Québec,tal_legacy_personal_services_rpa,5.9,percent,2025-04-02/2026-04-01,2025-01-21,2025-01-21,TAL,https://www.tal.gouv.qc.ca/fr/reconduction-du-bail-et-fixation-de-loyer/pourcentages-applicables-aux-criteres-de-fixation-de-loyer,"Composante distincte ; ancienne méthode, avis avant le 1er janvier 2026 ; valeur publiée dans tableau courant 2025/2026, première diffusion non reconstituée ; aucun guideline Québec synthétique.",2026-10-03,True,Publication et mise à disposition officielles des paramètres : https://www.tal.gouv.qc.ca/fr/actualites/detail?code=le-calcul-de-l-ajustement-des-loyers-en-2025
2026,Québec,Québec,tal_legacy_personal_services_rpa,6.3,percent,2026-04-02/2027-04-01,,,TAL,https://www.tal.gouv.qc.ca/fr/reconduction-du-bail-et-fixation-de-loyer/pourcentages-applicables-aux-criteres-de-fixation-de-loyer,"Composante distincte ; ancienne méthode, avis avant le 1er janvier 2026 ; valeur publiée dans tableau courant 2025/2026, première diffusion non reconstituée ; aucun guideline Québec synthétique.",2026-10-03,False,Disponibilité historique de cette valeur/version non qualifiée ; exclue des backtests.
2026,Québec,Québec,tal_new_base_rent,3.1,percent,2026-04-02/2027-04-01,2026-01-19,2026-01-19,TAL,https://www.tal.gouv.qc.ca/fr/reconduction-du-bail-et-fixation-de-loyer/pourcentages-applicables-aux-criteres-de-fixation-de-loyer,Nouvelle méthode : avis à compter du 1er janvier 2026 ; rupture avec anciennes composantes ; communiqué daté du 19 janvier 2026 ; version récupérée le 2026-10-03 ; disponibilité historique qualifiée séparément.,2026-10-03,True,Publication et mise à disposition officielles des paramètres : https://www.tal.gouv.qc.ca/fr/actualites/detail?code=le-calcul-de-l-ajustement-des-loyers-en-2026
2026,Québec,Québec,tal_new_capital_expenditure,5.0,percent,2026-04-02/2027-04-01,2026-01-19,2026-01-19,TAL,https://www.tal.gouv.qc.ca/fr/reconduction-du-bail-et-fixation-de-loyer/pourcentages-applicables-aux-criteres-de-fixation-de-loyer,Nouvelle méthode : avis à compter du 1er janvier 2026 ; rupture avec anciennes composantes ; communiqué daté du 19 janvier 2026 ; version récupérée le 2026-10-03 ; disponibilité historique qualifiée séparément.,2026-10-03,True,Publication et mise à disposition officielles des paramètres : https://www.tal.gouv.qc.ca/fr/actualites/detail?code=le-calcul-de-l-ajustement-des-loyers-en-2026
2026,Québec,Québec,tal_new_personal_services,6.7,percent,2026-04-02/2027-04-01,2026-01-19,2026-01-19,TAL,https://www.tal.gouv.qc.ca/fr/reconduction-du-bail-et-fixation-de-loyer/pourcentages-applicables-aux-criteres-de-fixation-de-loyer,Nouvelle méthode : avis à compter du 1er janvier 2026 ; rupture avec anciennes composantes ; communiqué daté du 19 janvier 2026 ; version récupérée le 2026-10-03 ; disponibilité historique qualifiée séparément.,2026-10-03,True,Publication et mise à disposition officielles des paramètres : https://www.tal.gouv.qc.ca/fr/actualites/detail?code=le-calcul-de-l-ajustement-des-loyers-en-2026
